,title,dept_num,description,credits,instructor,syllabus,university,term,keyword,URL
174, Science Technology Society in Classroom,Edci 616,"The interrelationships among trends, issues, and strategies in teaching
science, technology, and society (STS) will be explored.  Students will
research, discuss, and critique approaches to teaching STS as well as
plan and evaluate different learning strategies.",3 Credits,Not Listed,Not Listed,University of Mississippi,Spring 2020,"societ,technolog",https://catalog.olemiss.edu/2020/spring/education/teacher-education/edci-616
569, Science Technology Society in Classroom,Edci 616,"The interrelationships among trends, issues, and strategies in teaching
science, technology, and society (STS) will be explored.  Students will
research, discuss, and critique approaches to teaching STS as well as
plan and evaluate different learning strategies.",3 Credits,Not Listed,Not Listed,University of Mississippi,Spring 2020,"societ,technolog",https://catalog.olemiss.edu/2020/spring/education/teacher-education/edci-616
820," Mass Comm, Technology, and Society",Jour 573,"The theory of mass communications technology in relation to media
functions, responsibilities, and influence in society.",3 Credits,Not Listed,Not Listed,University of Mississippi,Spring 2020,"societ,technolog",https://catalog.olemiss.edu/2020/spring/journalism/jour-573
1186, Philosophy of Technology,Phil 340,"This course will examine philosophical issues raised by the role of
technology in human life.",3 Credits,Not Listed,Not Listed,University of Mississippi,Spring 2020,"philosoph,technolog",https://catalog.olemiss.edu/2020/spring/liberal-arts/philosophy-religion/phil-340
1365," Science, Technology, & Public Policy",PPL 386,"Examination of factors which shape public policy decisions in
area of science and technology.",3 Credits,Not Listed,Not Listed,University of Mississippi,Spring 2020,"polic,technolog",https://catalog.olemiss.edu/2020/spring/liberal-arts/public-policy-leadership/ppl-386
1440," Science, Technology and Society",Soc 321,"An examination of the nature of relationships that exist between the
development of a civilization and science as a concept and as a method,
combined with technology as a series of engineering discoveries and
inventions.",3 Credits,Not Listed,Not Listed,University of Mississippi,Spring 2020,"societ,technolog",https://catalog.olemiss.edu/2020/spring/liberal-arts/sociology-anthropology/soc-321
1452," Environment, Technology and Society",Soc 411,"This course will explore the ways people relate to their
natural environments.  Topics may include economic production
and consumption, culture and knowledge, mass media and
environmental justice.",3 Credits,Not Listed,Not Listed,University of Mississippi,Spring 2020,"societ,technolog",https://catalog.olemiss.edu/2020/spring/liberal-arts/sociology-anthropology/soc-411
1706, Science Technology Society in Classroom,Edci 616,"The interrelationships among trends, issues, and strategies in teaching
science, technology, and society (STS) will be explored.  Students will
research, discuss, and critique approaches to teaching STS as well as
plan and evaluate different learning strategies.",3 Credits,Not Listed,Not Listed,University of Mississippi,Fall 2020,"societ,technolog",https://catalog.olemiss.edu/education/teacher-education/edci-616
1957," Mass Comm, Technology, and Society",Jour 573,"The theory of mass communications technology in relation to media
functions, responsibilities, and influence in society.",3 Credits,Not Listed,Not Listed,University of Mississippi,Fall 2020,"societ,technolog",https://catalog.olemiss.edu/journalism/jour-573
2323, Philosophy of Technology,Phil 340,"This course will examine philosophical issues raised by the role of
technology in human life.",3 Credits,Not Listed,Not Listed,University of Mississippi,Fall 2020,"philosoph,technolog",https://catalog.olemiss.edu/liberal-arts/philosophy-religion/phil-340
2502," Science, Technology, & Public Policy",PPL 386,"Examination of factors which shape public policy decisions in
area of science and technology.",3 Credits,Not Listed,Not Listed,University of Mississippi,Fall 2020,"polic,technolog",https://catalog.olemiss.edu/liberal-arts/public-policy-leadership/ppl-386
2577," Science, Technology and Society",Soc 321,"An examination of the nature of relationships that exist between the
development of a civilization and science as a concept and as a method,
combined with technology as a series of engineering discoveries and
inventions.",3 Credits,Not Listed,Not Listed,University of Mississippi,Fall 2020,"societ,technolog",https://catalog.olemiss.edu/liberal-arts/sociology-anthropology/soc-321
2589," Environment, Technology and Society",Soc 411,"This course will explore the ways people relate to their
natural environments.  Topics may include economic production
and consumption, culture and knowledge, mass media and
environmental justice.",3 Credits,Not Listed,Not Listed,University of Mississippi,Fall 2020,"societ,technolog",https://catalog.olemiss.edu/liberal-arts/sociology-anthropology/soc-411
2842, Science Technology Society in Classroom,Edci 616,"The interrelationships among trends, issues, and strategies in teaching
science, technology, and society (STS) will be explored.  Students will
research, discuss, and critique approaches to teaching STS as well as
plan and evaluate different learning strategies.",3 Credits,Not Listed,Not Listed,University of Mississippi,Spring 2019,"societ,technolog",https://catalog.olemiss.edu/2019/spring/education/teacher-education/edci-616
3094," Mass Comm, Technology, and Society",Jour 573,"The theory of mass communications technology in relation to media
functions, responsibilities, and influence in society.",3 Credits,Not Listed,Not Listed,University of Mississippi,Spring 2019,"societ,technolog",https://catalog.olemiss.edu/2019/spring/journalism/jour-573
3460, Philosophy of Technology,Phil 340,"This course will examine philosophical issues raised by the role of
technology in human life.",3 Credits,Not Listed,Not Listed,University of Mississippi,Spring 2019,"philosoph,technolog",https://catalog.olemiss.edu/2019/spring/liberal-arts/philosophy-religion/phil-340
3640," Science, Technology, & Public Policy",PPL 386,"Examination of factors which shape public policy decisions in
area of science and technology.",3 Credits,Not Listed,Not Listed,University of Mississippi,Spring 2019,"polic,technolog",https://catalog.olemiss.edu/2019/spring/liberal-arts/public-policy-leadership/ppl-386
3717," Science, Technology and Society",Soc 321,"An examination of the nature of relationships that exist between the
development of a civilization and science as a concept and as a method,
combined with technology as a series of engineering discoveries and
inventions.",3 Credits,Not Listed,Not Listed,University of Mississippi,Spring 2019,"societ,technolog",https://catalog.olemiss.edu/2019/spring/liberal-arts/sociology-anthropology/soc-321
3729," Environment, Technology and Society",Soc 411,"This course will explore the ways people relate to their
natural environments.  Topics may include economic production
and consumption, culture and knowledge, mass media and
environmental justice.",3 Credits,Not Listed,Not Listed,University of Mississippi,Spring 2019,"societ,technolog",https://catalog.olemiss.edu/2019/spring/liberal-arts/sociology-anthropology/soc-411
3920, Science Technology Society in Classroom,Edci 616,"The interrelationships among trends, issues, and strategies in teaching
science, technology, and society (STS) will be explored.  Students will
research, discuss, and critique approaches to teaching STS as well as
plan and evaluate different learning strategies.",3 Credits,Not Listed,Not Listed,University of Mississippi,Spring 2020,"societ,technolog",https://catalog.olemiss.edu/2020/spring/education/teacher-education/edci-616
4171," Mass Comm, Technology, and Society",Jour 573,"The theory of mass communications technology in relation to media
functions, responsibilities, and influence in society.",3 Credits,Not Listed,Not Listed,University of Mississippi,Spring 2020,"societ,technolog",https://catalog.olemiss.edu/2020/spring/journalism/jour-573
4537, Philosophy of Technology,Phil 340,"This course will examine philosophical issues raised by the role of
technology in human life.",3 Credits,Not Listed,Not Listed,University of Mississippi,Spring 2020,"philosoph,technolog",https://catalog.olemiss.edu/2020/spring/liberal-arts/philosophy-religion/phil-340
4716," Science, Technology, & Public Policy",PPL 386,"Examination of factors which shape public policy decisions in
area of science and technology.",3 Credits,Not Listed,Not Listed,University of Mississippi,Spring 2020,"polic,technolog",https://catalog.olemiss.edu/2020/spring/liberal-arts/public-policy-leadership/ppl-386
4791," Science, Technology and Society",Soc 321,"An examination of the nature of relationships that exist between the
development of a civilization and science as a concept and as a method,
combined with technology as a series of engineering discoveries and
inventions.",3 Credits,Not Listed,Not Listed,University of Mississippi,Spring 2020,"societ,technolog",https://catalog.olemiss.edu/2020/spring/liberal-arts/sociology-anthropology/soc-321
4803," Environment, Technology and Society",Soc 411,"This course will explore the ways people relate to their
natural environments.  Topics may include economic production
and consumption, culture and knowledge, mass media and
environmental justice.",3 Credits,Not Listed,Not Listed,University of Mississippi,Spring 2020,"societ,technolog",https://catalog.olemiss.edu/2020/spring/liberal-arts/sociology-anthropology/soc-411
5057, Science Technology Society in Classroom,Edci 616,"The interrelationships among trends, issues, and strategies in teaching
science, technology, and society (STS) will be explored.  Students will
research, discuss, and critique approaches to teaching STS as well as
plan and evaluate different learning strategies.",3 Credits,Not Listed,Not Listed,University of Mississippi,Fall 2020,"societ,technolog",https://catalog.olemiss.edu/education/teacher-education/edci-616
5308," Mass Comm, Technology, and Society",Jour 573,"The theory of mass communications technology in relation to media
functions, responsibilities, and influence in society.",3 Credits,Not Listed,Not Listed,University of Mississippi,Fall 2020,"societ,technolog",https://catalog.olemiss.edu/journalism/jour-573
5674, Philosophy of Technology,Phil 340,"This course will examine philosophical issues raised by the role of
technology in human life.",3 Credits,Not Listed,Not Listed,University of Mississippi,Fall 2020,"philosoph,technolog",https://catalog.olemiss.edu/liberal-arts/philosophy-religion/phil-340
5853," Science, Technology, & Public Policy",PPL 386,"Examination of factors which shape public policy decisions in
area of science and technology.",3 Credits,Not Listed,Not Listed,University of Mississippi,Fall 2020,"polic,technolog",https://catalog.olemiss.edu/liberal-arts/public-policy-leadership/ppl-386
5928," Science, Technology and Society",Soc 321,"An examination of the nature of relationships that exist between the
development of a civilization and science as a concept and as a method,
combined with technology as a series of engineering discoveries and
inventions.",3 Credits,Not Listed,Not Listed,University of Mississippi,Fall 2020,"societ,technolog",https://catalog.olemiss.edu/liberal-arts/sociology-anthropology/soc-321
5940," Environment, Technology and Society",Soc 411,"This course will explore the ways people relate to their
natural environments.  Topics may include economic production
and consumption, culture and knowledge, mass media and
environmental justice.",3 Credits,Not Listed,Not Listed,University of Mississippi,Fall 2020,"societ,technolog",https://catalog.olemiss.edu/liberal-arts/sociology-anthropology/soc-411
6208, Science Technology Society in Classroom,Edci 616,"The interrelationships among trends, issues, and strategies in teaching
science, technology, and society (STS) will be explored.  Students will
research, discuss, and critique approaches to teaching STS as well as
plan and evaluate different learning strategies.",3 Credits,Not Listed,Not Listed,University of Mississippi,Spring 2020,"societ,technolog",https://catalog.olemiss.edu/2020/spring/education/teacher-education/edci-616
6459," Mass Comm, Technology, and Society",Jour 573,"The theory of mass communications technology in relation to media
functions, responsibilities, and influence in society.",3 Credits,Not Listed,Not Listed,University of Mississippi,Spring 2020,"societ,technolog",https://catalog.olemiss.edu/2020/spring/journalism/jour-573
6825, Philosophy of Technology,Phil 340,"This course will examine philosophical issues raised by the role of
technology in human life.",3 Credits,Not Listed,Not Listed,University of Mississippi,Spring 2020,"philosoph,technolog",https://catalog.olemiss.edu/2020/spring/liberal-arts/philosophy-religion/phil-340
7004," Science, Technology, & Public Policy",PPL 386,"Examination of factors which shape public policy decisions in
area of science and technology.",3 Credits,Not Listed,Not Listed,University of Mississippi,Spring 2020,"polic,technolog",https://catalog.olemiss.edu/2020/spring/liberal-arts/public-policy-leadership/ppl-386
7079," Science, Technology and Society",Soc 321,"An examination of the nature of relationships that exist between the
development of a civilization and science as a concept and as a method,
combined with technology as a series of engineering discoveries and
inventions.",3 Credits,Not Listed,Not Listed,University of Mississippi,Spring 2020,"societ,technolog",https://catalog.olemiss.edu/2020/spring/liberal-arts/sociology-anthropology/soc-321
7091," Environment, Technology and Society",Soc 411,"This course will explore the ways people relate to their
natural environments.  Topics may include economic production
and consumption, culture and knowledge, mass media and
environmental justice.",3 Credits,Not Listed,Not Listed,University of Mississippi,Spring 2020,"societ,technolog",https://catalog.olemiss.edu/2020/spring/liberal-arts/sociology-anthropology/soc-411
7345, Science Technology Society in Classroom,Edci 616,"The interrelationships among trends, issues, and strategies in teaching
science, technology, and society (STS) will be explored.  Students will
research, discuss, and critique approaches to teaching STS as well as
plan and evaluate different learning strategies.",3 Credits,Not Listed,Not Listed,University of Mississippi,Fall 2020,"societ,technolog",https://catalog.olemiss.edu/education/teacher-education/edci-616
7596," Mass Comm, Technology, and Society",Jour 573,"The theory of mass communications technology in relation to media
functions, responsibilities, and influence in society.",3 Credits,Not Listed,Not Listed,University of Mississippi,Fall 2020,"societ,technolog",https://catalog.olemiss.edu/journalism/jour-573
7962, Philosophy of Technology,Phil 340,"This course will examine philosophical issues raised by the role of
technology in human life.",3 Credits,Not Listed,Not Listed,University of Mississippi,Fall 2020,"philosoph,technolog",https://catalog.olemiss.edu/liberal-arts/philosophy-religion/phil-340
8141," Science, Technology, & Public Policy",PPL 386,"Examination of factors which shape public policy decisions in
area of science and technology.",3 Credits,Not Listed,Not Listed,University of Mississippi,Fall 2020,"polic,technolog",https://catalog.olemiss.edu/liberal-arts/public-policy-leadership/ppl-386
8216," Science, Technology and Society",Soc 321,"An examination of the nature of relationships that exist between the
development of a civilization and science as a concept and as a method,
combined with technology as a series of engineering discoveries and
inventions.",3 Credits,Not Listed,Not Listed,University of Mississippi,Fall 2020,"societ,technolog",https://catalog.olemiss.edu/liberal-arts/sociology-anthropology/soc-321
8228," Environment, Technology and Society",Soc 411,"This course will explore the ways people relate to their
natural environments.  Topics may include economic production
and consumption, culture and knowledge, mass media and
environmental justice.",3 Credits,Not Listed,Not Listed,University of Mississippi,Fall 2020,"societ,technolog",https://catalog.olemiss.edu/liberal-arts/sociology-anthropology/soc-411
8481, Science Technology Society in Classroom,Edci 616,"The interrelationships among trends, issues, and strategies in teaching
science, technology, and society (STS) will be explored.  Students will
research, discuss, and critique approaches to teaching STS as well as
plan and evaluate different learning strategies.",3 Credits,Not Listed,Not Listed,University of Mississippi,Spring 2019,"societ,technolog",https://catalog.olemiss.edu/2019/spring/education/teacher-education/edci-616
8733," Mass Comm, Technology, and Society",Jour 573,"The theory of mass communications technology in relation to media
functions, responsibilities, and influence in society.",3 Credits,Not Listed,Not Listed,University of Mississippi,Spring 2019,"societ,technolog",https://catalog.olemiss.edu/2019/spring/journalism/jour-573
9099, Philosophy of Technology,Phil 340,"This course will examine philosophical issues raised by the role of
technology in human life.",3 Credits,Not Listed,Not Listed,University of Mississippi,Spring 2019,"philosoph,technolog",https://catalog.olemiss.edu/2019/spring/liberal-arts/philosophy-religion/phil-340
9279," Science, Technology, & Public Policy",PPL 386,"Examination of factors which shape public policy decisions in
area of science and technology.",3 Credits,Not Listed,Not Listed,University of Mississippi,Spring 2019,"polic,technolog",https://catalog.olemiss.edu/2019/spring/liberal-arts/public-policy-leadership/ppl-386
9356," Science, Technology and Society",Soc 321,"An examination of the nature of relationships that exist between the
development of a civilization and science as a concept and as a method,
combined with technology as a series of engineering discoveries and
inventions.",3 Credits,Not Listed,Not Listed,University of Mississippi,Spring 2019,"societ,technolog",https://catalog.olemiss.edu/2019/spring/liberal-arts/sociology-anthropology/soc-321
9368," Environment, Technology and Society",Soc 411,"This course will explore the ways people relate to their
natural environments.  Topics may include economic production
and consumption, culture and knowledge, mass media and
environmental justice.",3 Credits,Not Listed,Not Listed,University of Mississippi,Spring 2019,"societ,technolog",https://catalog.olemiss.edu/2019/spring/liberal-arts/sociology-anthropology/soc-411
9617, Science Technology Society in Classroom,Edci 616,"The interrelationships among trends, issues, and strategies in teaching
science, technology, and society (STS) will be explored.  Students will
research, discuss, and critique approaches to teaching STS as well as
plan and evaluate different learning strategies.",3 Credits,Not Listed,Not Listed,University of Mississippi,Fall 2019,"societ,technolog",https://catalog.olemiss.edu/2019/fall/education/teacher-education/edci-616
9871," Mass Comm, Technology, and Society",Jour 573,"The theory of mass communications technology in relation to media
functions, responsibilities, and influence in society.",3 Credits,Not Listed,Not Listed,University of Mississippi,Fall 2019,"societ,technolog",https://catalog.olemiss.edu/2019/fall/journalism/jour-573
10232, Philosophy of Technology,Phil 340,"This course will examine philosophical issues raised by the role of
technology in human life.",3 Credits,Not Listed,Not Listed,University of Mississippi,Fall 2019,"philosoph,technolog",https://catalog.olemiss.edu/2019/fall/liberal-arts/philosophy-religion/phil-340
10411," Science, Technology, & Public Policy",PPL 386,"Examination of factors which shape public policy decisions in
area of science and technology.",3 Credits,Not Listed,Not Listed,University of Mississippi,Fall 2019,"polic,technolog",https://catalog.olemiss.edu/2019/fall/liberal-arts/public-policy-leadership/ppl-386
10488," Science, Technology and Society",Soc 321,"An examination of the nature of relationships that exist between the
development of a civilization and science as a concept and as a method,
combined with technology as a series of engineering discoveries and
inventions.",3 Credits,Not Listed,Not Listed,University of Mississippi,Fall 2019,"societ,technolog",https://catalog.olemiss.edu/2019/fall/liberal-arts/sociology-anthropology/soc-321
10500," Environment, Technology and Society",Soc 411,"This course will explore the ways people relate to their
natural environments.  Topics may include economic production
and consumption, culture and knowledge, mass media and
environmental justice.",3 Credits,Not Listed,Not Listed,University of Mississippi,Fall 2019,"societ,technolog",https://catalog.olemiss.edu/2019/fall/liberal-arts/sociology-anthropology/soc-411
46, Securities Regulations,Accy 650,"An examination of federal and state securities laws and how they
regulate securities offerings, issuers, markets, and market
participants.",3 Credits,Not Listed,Not Listed,University of Mississippi,Spring 2020,secur,https://catalog.olemiss.edu/2020/spring/patterson-accountancy/accy-650
99, Introduction to Homeland Security,CJ 115,"The issues pertaining to the role and mission of the Department of
Homeland Security and related agencies, both domestic and international.",3 Credits,Not Listed,Not Listed,University of Mississippi,Spring 2020,secur,https://catalog.olemiss.edu/2020/spring/applied-sciences/legal-studies/cj-115
112, Homeland Security Operations,CJ 400,"An examination of government agencies that are involved in war on
terrorism and discussion of weapons of mass destruction issues.
Discussion of various international terrorist groups and their
respoective ideologies.",3 Credits,Not Listed,Not Listed,University of Mississippi,Spring 2020,secur,https://catalog.olemiss.edu/2020/spring/applied-sciences/legal-studies/cj-400
114, Homeland Security Law,CJ 420,"Examination of current domestic legal issues relating to homeland
security with an emphasis on Constitutional separation of powers and
First, Fifth, Fourth, Sixth, Eighth Amendment requirements, the Foreign
Intelligence Surveillance Act (FISA), and the USA Patriot Act, and
similar laws.",3 Credits,Not Listed,Not Listed,University of Mississippi,Spring 2020,secur,https://catalog.olemiss.edu/2020/spring/applied-sciences/legal-studies/cj-420
119, Border Security,CJ 470,"This course provides the student with an analysis of the problems that
concern the protection of the borders of the United States.",3 Credits,Not Listed,Not Listed,University of Mississippi,Spring 2020,secur,https://catalog.olemiss.edu/2020/spring/applied-sciences/legal-studies/cj-470
130, Seminar in Homeland Security,CJ 630,"Examines security theories, research, and practice related to the
administration of security operations. Reviews topics such as risk
assessment, risk prevention, and protection of assets, with particular
emphasis on the role of criminal justice and security systems.",3 Credits,Not Listed,Not Listed,University of Mississippi,Spring 2020,secur,https://catalog.olemiss.edu/2020/spring/applied-sciences/legal-studies/cj-630
134, Critical Infrastructure Security,CJ 636,"Review of U.S. counterterrorism policies and practices for the security
of U.S. major critical infrastructures, including transportation and
border security.",3 Credits,Not Listed,Not Listed,University of Mississippi,Spring 2020,secur,https://catalog.olemiss.edu/2020/spring/applied-sciences/legal-studies/cj-636
135, Cybercrime and Cyber Security,CJ 642,"Overview of current issues surrounding the technical, social, and legal
aspects of cybercrime and security from a policy perspective. Includes
review of concepts and issues of cybercrime and cybersecurity, such as
security issues in computer systems, networks, and applications.",3 Credits,Not Listed,Not Listed,University of Mississippi,Spring 2020,secur,https://catalog.olemiss.edu/2020/spring/applied-sciences/legal-studies/cj-642
143, Intelligence and Homeland Security,CJ 670,"Advanced course on intelligence and counterintelligence aspects
of homeland security as they relate to domestic security,
emergency, preparedness, technology policy, and timely
intelligence for improved policymaking.",3 Credits,Not Listed,Not Listed,University of Mississippi,Spring 2020,secur,https://catalog.olemiss.edu/2020/spring/applied-sciences/legal-studies/cj-670
159, Fundamentals of Computer Security,Csci 427,"This course explores the concepts and methods of computer security and
the appropriate tools to identify and remedy vulnerabilities across
leading network and systems platforms. It emphasizes both offensive and
defensive analysis tools, including scanners, sniffers, intrusion
detection systems, access control lists, and firewalls. It stresses
adherence to professional guidelines for ethical hacking and security.",3 Credits,Not Listed,Not Listed,University of Mississippi,Spring 2020,secur,https://catalog.olemiss.edu/2020/spring/engineering/computer-science/csci-427
242, Security Analysis and Portfolio Mgmt,Fin 533,"Impact of economic factors and security markets upon security value;
risk and return in efficient portfolios.",3 Credits,Not Listed,Not Listed,University of Mississippi,Spring 2020,secur,https://catalog.olemiss.edu/2020/spring/business/finance/fin-533
441, Securities Regulations,Accy 650,"An examination of federal and state securities laws and how they
regulate securities offerings, issuers, markets, and market
participants.",3 Credits,Not Listed,Not Listed,University of Mississippi,Spring 2020,secur,https://catalog.olemiss.edu/2020/spring/patterson-accountancy/accy-650
494, Introduction to Homeland Security,CJ 115,"The issues pertaining to the role and mission of the Department of
Homeland Security and related agencies, both domestic and international.",3 Credits,Not Listed,Not Listed,University of Mississippi,Spring 2020,secur,https://catalog.olemiss.edu/2020/spring/applied-sciences/legal-studies/cj-115
507, Homeland Security Operations,CJ 400,"An examination of government agencies that are involved in war on
terrorism and discussion of weapons of mass destruction issues.
Discussion of various international terrorist groups and their
respoective ideologies.",3 Credits,Not Listed,Not Listed,University of Mississippi,Spring 2020,secur,https://catalog.olemiss.edu/2020/spring/applied-sciences/legal-studies/cj-400
509, Homeland Security Law,CJ 420,"Examination of current domestic legal issues relating to homeland
security with an emphasis on Constitutional separation of powers and
First, Fifth, Fourth, Sixth, Eighth Amendment requirements, the Foreign
Intelligence Surveillance Act (FISA), and the USA Patriot Act, and
similar laws.",3 Credits,Not Listed,Not Listed,University of Mississippi,Spring 2020,secur,https://catalog.olemiss.edu/2020/spring/applied-sciences/legal-studies/cj-420
514, Border Security,CJ 470,"This course provides the student with an analysis of the problems that
concern the protection of the borders of the United States.",3 Credits,Not Listed,Not Listed,University of Mississippi,Spring 2020,secur,https://catalog.olemiss.edu/2020/spring/applied-sciences/legal-studies/cj-470
525, Seminar in Homeland Security,CJ 630,"Examines security theories, research, and practice related to the
administration of security operations. Reviews topics such as risk
assessment, risk prevention, and protection of assets, with particular
emphasis on the role of criminal justice and security systems.",3 Credits,Not Listed,Not Listed,University of Mississippi,Spring 2020,secur,https://catalog.olemiss.edu/2020/spring/applied-sciences/legal-studies/cj-630
529, Critical Infrastructure Security,CJ 636,"Review of U.S. counterterrorism policies and practices for the security
of U.S. major critical infrastructures, including transportation and
border security.",3 Credits,Not Listed,Not Listed,University of Mississippi,Spring 2020,secur,https://catalog.olemiss.edu/2020/spring/applied-sciences/legal-studies/cj-636
530, Cybercrime and Cyber Security,CJ 642,"Overview of current issues surrounding the technical, social, and legal
aspects of cybercrime and security from a policy perspective. Includes
review of concepts and issues of cybercrime and cybersecurity, such as
security issues in computer systems, networks, and applications.",3 Credits,Not Listed,Not Listed,University of Mississippi,Spring 2020,secur,https://catalog.olemiss.edu/2020/spring/applied-sciences/legal-studies/cj-642
538, Intelligence and Homeland Security,CJ 670,"Advanced course on intelligence and counterintelligence aspects
of homeland security as they relate to domestic security,
emergency, preparedness, technology policy, and timely
intelligence for improved policymaking.",3 Credits,Not Listed,Not Listed,University of Mississippi,Spring 2020,secur,https://catalog.olemiss.edu/2020/spring/applied-sciences/legal-studies/cj-670
554, Fundamentals of Computer Security,Csci 427,"This course explores the concepts and methods of computer security and
the appropriate tools to identify and remedy vulnerabilities across
leading network and systems platforms. It emphasizes both offensive and
defensive analysis tools, including scanners, sniffers, intrusion
detection systems, access control lists, and firewalls. It stresses
adherence to professional guidelines for ethical hacking and security.",3 Credits,Not Listed,Not Listed,University of Mississippi,Spring 2020,secur,https://catalog.olemiss.edu/2020/spring/engineering/computer-science/csci-427
637, Security Analysis and Portfolio Mgmt,Fin 533,"Impact of economic factors and security markets upon security value;
risk and return in efficient portfolios.",3 Credits,Not Listed,Not Listed,University of Mississippi,Spring 2020,secur,https://catalog.olemiss.edu/2020/spring/business/finance/fin-533
873, Secured Transactions,Law 571,"Theoretical and practical justifications for the creation of security
interests in personal property.  Emphasis is on Articles 1, 2A, and 9 of
the Uniform Commercial Code and bankruptcy law.",3 Credits,Not Listed,Not Listed,University of Mississippi,Spring 2020,secur,https://catalog.olemiss.edu/2020/spring/law/law-571
938, Securities Regulation,Law 650,"An examination of federal and state securities laws and how they
regulate securities offerings, issuers, markets, and market
participants.",3 Credits,Not Listed,Not Listed,University of Mississippi,Spring 2020,secur,https://catalog.olemiss.edu/2020/spring/law/law-650
948, International Security Law and Policy,Law 658,"Legal issues relating to war and armed conflict, separation of
constitutional powers, emergency powers, the security role of the United
Nations and the strengthening of the enforcement of international
humanitarian law; related political, military, and diplomatic
ramifications.",2 - 3 Credits,Not Listed,Not Listed,University of Mississippi,Spring 2020,secur,https://catalog.olemiss.edu/2020/spring/law/law-658
1041, Space Security Law,Law 736,"Space Security Law addresses a wide variety of national and
international legal issues dealing with both the security of the space
environment and national security derived from reliance on space assets,
such as telecommunications satellites, remote sensing satellites and
launch technologies.",3 Credits,Not Listed,Not Listed,University of Mississippi,Spring 2020,secur,https://catalog.olemiss.edu/2020/spring/law/law-736
1326, International Security Law and Policy,Pol 736,"This course explores the complexities of the international law of
conflict management and the legal structure for resolving international
disputes.",3 Credits,Not Listed,Not Listed,University of Mississippi,Spring 2020,secur,https://catalog.olemiss.edu/2020/spring/liberal-arts/political-science/pol-736
1351, Homeland Security Policy,PPL 362,"This course examines all facets of homeland security in the United
States. It includes a review of the historical and contemporary
governmental theories and practices of homeland security at both the
public and private levels. Other topics to be presented include the
threat of terrorism, counterterrorism, governmental policy,
intelligence, and investigative techniques that support this overall
objective.",3 Credits,Not Listed,Not Listed,University of Mississippi,Spring 2020,secur,https://catalog.olemiss.edu/2020/spring/liberal-arts/public-policy-leadership/ppl-362
1455, Studies in Housing Insecurity,Soc 420,"For the majority of low-income American families, housing is their
biggest expense, and often their biggest stressor. Research is clear
that the dynamics of housing exert an enormous influence on one's
health, job stability, educational success, and other matters we deem
important to well-being. Debates about how to provide affordable and
secure housing for all are widespread, and heated. This course examines
these issues firsthand through the collection and analysis of original
data in the Lafayette-Oxford-University community.",3 Credits,Not Listed,Not Listed,University of Mississippi,Spring 2020,secur,https://catalog.olemiss.edu/2020/spring/liberal-arts/sociology-anthropology/soc-420
1578, Securities Regulations,Accy 650,"An examination of federal and state securities laws and how they
regulate securities offerings, issuers, markets, and market
participants.",3 Credits,Not Listed,Not Listed,University of Mississippi,Fall 2020,secur,https://catalog.olemiss.edu/patterson-accountancy/accy-650
1631, Introduction to Homeland Security,CJ 115,"The issues pertaining to the role and mission of the Department of
Homeland Security and related agencies, both domestic and international.",3 Credits,Not Listed,Not Listed,University of Mississippi,Fall 2020,secur,https://catalog.olemiss.edu/applied-sciences/legal-studies/cj-115
1644, Homeland Security Operations,CJ 400,"An examination of government agencies that are involved in war on
terrorism and discussion of weapons of mass destruction issues.
Discussion of various international terrorist groups and their
respoective ideologies.",3 Credits,Not Listed,Not Listed,University of Mississippi,Fall 2020,secur,https://catalog.olemiss.edu/applied-sciences/legal-studies/cj-400
1646, Homeland Security Law,CJ 420,"Examination of current domestic legal issues relating to homeland
security with an emphasis on Constitutional separation of powers and
First, Fifth, Fourth, Sixth, Eighth Amendment requirements, the Foreign
Intelligence Surveillance Act (FISA), and the USA Patriot Act, and
similar laws.",3 Credits,Not Listed,Not Listed,University of Mississippi,Fall 2020,secur,https://catalog.olemiss.edu/applied-sciences/legal-studies/cj-420
1651, Border Security,CJ 470,"This course provides the student with an analysis of the problems that
concern the protection of the borders of the United States.",3 Credits,Not Listed,Not Listed,University of Mississippi,Fall 2020,secur,https://catalog.olemiss.edu/applied-sciences/legal-studies/cj-470
1662, Seminar in Homeland Security,CJ 630,"Examines security theories, research, and practice related to the
administration of security operations. Reviews topics such as risk
assessment, risk prevention, and protection of assets, with particular
emphasis on the role of criminal justice and security systems.",3 Credits,Not Listed,Not Listed,University of Mississippi,Fall 2020,secur,https://catalog.olemiss.edu/applied-sciences/legal-studies/cj-630
1666, Critical Infrastructure Security,CJ 636,"Review of U.S. counterterrorism policies and practices for the security
of U.S. major critical infrastructures, including transportation and
border security.",3 Credits,Not Listed,Not Listed,University of Mississippi,Fall 2020,secur,https://catalog.olemiss.edu/applied-sciences/legal-studies/cj-636
1667, Cybercrime and Cyber Security,CJ 642,"Overview of current issues surrounding the technical, social, and legal
aspects of cybercrime and security from a policy perspective. Includes
review of concepts and issues of cybercrime and cybersecurity, such as
security issues in computer systems, networks, and applications.",3 Credits,Not Listed,Not Listed,University of Mississippi,Fall 2020,secur,https://catalog.olemiss.edu/applied-sciences/legal-studies/cj-642
1675, Intelligence and Homeland Security,CJ 670,"Advanced course on intelligence and counterintelligence aspects
of homeland security as they relate to domestic security,
emergency, preparedness, technology policy, and timely
intelligence for improved policymaking.",3 Credits,Not Listed,Not Listed,University of Mississippi,Fall 2020,secur,https://catalog.olemiss.edu/applied-sciences/legal-studies/cj-670
1691, Fundamentals of Computer Security,Csci 427,"This course explores the concepts and methods of computer security and
the appropriate tools to identify and remedy vulnerabilities across
leading network and systems platforms. It emphasizes both offensive and
defensive analysis tools, including scanners, sniffers, intrusion
detection systems, access control lists, and firewalls. It stresses
adherence to professional guidelines for ethical hacking and security.",3 Credits,Not Listed,Not Listed,University of Mississippi,Fall 2020,secur,https://catalog.olemiss.edu/engineering/computer-science/csci-427
1774, Security Analysis and Portfolio Mgmt,Fin 533,"Impact of economic factors and security markets upon security value;
risk and return in efficient portfolios.",3 Credits,Not Listed,Not Listed,University of Mississippi,Fall 2020,secur,https://catalog.olemiss.edu/business/finance/fin-533
2010, Secured Transactions,Law 571,"Theoretical and practical justifications for the creation of security
interests in personal property.  Emphasis is on Articles 1, 2A, and 9 of
the Uniform Commercial Code and bankruptcy law.",3 Credits,Not Listed,Not Listed,University of Mississippi,Fall 2020,secur,https://catalog.olemiss.edu/law/law-571
2075, Securities Regulation,Law 650,"An examination of federal and state securities laws and how they
regulate securities offerings, issuers, markets, and market
participants.",3 Credits,Not Listed,Not Listed,University of Mississippi,Fall 2020,secur,https://catalog.olemiss.edu/law/law-650
2085, International Security Law and Policy,Law 658,"Legal issues relating to war and armed conflict, separation of
constitutional powers, emergency powers, the security role of the United
Nations and the strengthening of the enforcement of international
humanitarian law; related political, military, and diplomatic
ramifications.",2 - 3 Credits,Not Listed,Not Listed,University of Mississippi,Fall 2020,secur,https://catalog.olemiss.edu/law/law-658
2178, Space Security Law,Law 736,"Space Security Law addresses a wide variety of national and
international legal issues dealing with both the security of the space
environment and national security derived from reliance on space assets,
such as telecommunications satellites, remote sensing satellites and
launch technologies.",3 Credits,Not Listed,Not Listed,University of Mississippi,Fall 2020,secur,https://catalog.olemiss.edu/law/law-736
2463, International Security Law and Policy,Pol 736,"This course explores the complexities of the international law of
conflict management and the legal structure for resolving international
disputes.",3 Credits,Not Listed,Not Listed,University of Mississippi,Fall 2020,secur,https://catalog.olemiss.edu/liberal-arts/political-science/pol-736
2488, Homeland Security Policy,PPL 362,"This course examines all facets of homeland security in the United
States. It includes a review of the historical and contemporary
governmental theories and practices of homeland security at both the
public and private levels. Other topics to be presented include the
threat of terrorism, counterterrorism, governmental policy,
intelligence, and investigative techniques that support this overall
objective.",3 Credits,Not Listed,Not Listed,University of Mississippi,Fall 2020,secur,https://catalog.olemiss.edu/liberal-arts/public-policy-leadership/ppl-362
2592, Studies in Housing Insecurity,Soc 420,"For the majority of low-income American families, housing is their
biggest expense, and often their biggest stressor. Research is clear
that the dynamics of housing exert an enormous influence on one's
health, job stability, educational success, and other matters we deem
important to well-being. Debates about how to provide affordable and
secure housing for all are widespread, and heated. This course examines
these issues firsthand through the collection and analysis of original
data in the Lafayette-Oxford-University community.",3 Credits,Not Listed,Not Listed,University of Mississippi,Fall 2020,secur,https://catalog.olemiss.edu/liberal-arts/sociology-anthropology/soc-420
2715, Securities Regulations,Accy 650,"An examination of federal and state securities laws and how they
regulate securities offerings, issuers, markets, and market
participants.",3 Credits,Not Listed,Not Listed,University of Mississippi,Spring 2019,secur,https://catalog.olemiss.edu/2019/spring/patterson-accountancy/accy-650
2768, Introduction to Homeland Security,CJ 115,"The issues pertaining to the role and mission of the Department of
Homeland Security and related agencies, both domestic and international.",3 Credits,Not Listed,Not Listed,University of Mississippi,Spring 2019,secur,https://catalog.olemiss.edu/2019/spring/applied-sciences/legal-studies/cj-115
2781, Homeland Security Operations,CJ 400,"An examination of government agencies that are involved in war on
terrorism and discussion of weapons of mass destruction issues.
Discussion of various international terrorist groups and their
respoective ideologies.",3 Credits,Not Listed,Not Listed,University of Mississippi,Spring 2019,secur,https://catalog.olemiss.edu/2019/spring/applied-sciences/legal-studies/cj-400
2783, Homeland Security Law,CJ 420,"Examination of current domestic legal issues relating to homeland
security with an emphasis on Constitutional separation of powers and
First, Fifth, Fourth, Sixth, Eighth Amendment requirements, the Foreign
Intelligence Surveillance Act (FISA), and the USA Patriot Act, and
similar laws.",3 Credits,Not Listed,Not Listed,University of Mississippi,Spring 2019,secur,https://catalog.olemiss.edu/2019/spring/applied-sciences/legal-studies/cj-420
2788, Border Security,CJ 470,"This course provides the student with an analysis of the problems that
concern the protection of the borders of the United States.",3 Credits,Not Listed,Not Listed,University of Mississippi,Spring 2019,secur,https://catalog.olemiss.edu/2019/spring/applied-sciences/legal-studies/cj-470
2793, Homeland Security Operations,CJ 610,"An examination of issues pertaining to the role and mission
of the Department of Homeland Security and related agencies,
both domestically and internationally.",3 Credits,Not Listed,Not Listed,University of Mississippi,Spring 2019,secur,https://catalog.olemiss.edu/2019/spring/applied-sciences/legal-studies/cj-610
2803, Cybercrime and Cyber Security,CJ 642,"Overview of current issues surrounding the technical, social, and legal
aspects of cybercrime and security from a policy perspective. Includes
review of concepts and issues of cybercrime and cybersecurity, such as
security issues in computer systems, networks, and applications.",3 Credits,Not Listed,Not Listed,University of Mississippi,Spring 2019,secur,https://catalog.olemiss.edu/2019/spring/applied-sciences/legal-studies/cj-642
2804, Terrorism and Homeland Security,CJ 650,"An examination of facts of terrorism, methods of terrorism, goals
of terrorism from a homeland security/terrorism deterrence approach.",3 Credits,Not Listed,Not Listed,University of Mississippi,Spring 2019,secur,https://catalog.olemiss.edu/2019/spring/applied-sciences/legal-studies/cj-650
2809, Transportation and Border Security,CJ 665,"This course provides students with analysis concerning the
protection of U.S. borders and policies regarding safety of the
U.S. transportation system.  The course analyzes the changes in
security arrangements from the pre- to post- 9/11 policies, relative
to border and transportation security.  The course will examine the
Maritime Transportation Security Act as it pertains to homeland
security.  Drugs and immigration with regard to homeland security will
also be addressed.",3 Credits,Not Listed,Not Listed,University of Mississippi,Spring 2019,secur,https://catalog.olemiss.edu/2019/spring/applied-sciences/legal-studies/cj-665
2810, Intelligence and Homeland Security,CJ 670,"Advanced course on intelligence and counterintelligence aspects
of homeland security as they relate to domestic security,
emergency, preparedness, technology policy, and timely
intelligence for improved policymaking.",3 Credits,Not Listed,Not Listed,University of Mississippi,Spring 2019,secur,https://catalog.olemiss.edu/2019/spring/applied-sciences/legal-studies/cj-670
2827, Fundamentals of Computer Security,Csci 427,"This course explores the concepts and methods of computer security and
the appropriate tools to identify and remedy vulnerabilities across
leading network and systems platforms. It emphasizes both offensive and
defensive analysis tools, including scanners, sniffers, intrusion
detection systems, access control lists, and firewalls. It stresses
adherence to professional guidelines for ethical hacking and security.",3 Credits,Not Listed,Not Listed,University of Mississippi,Spring 2019,secur,https://catalog.olemiss.edu/2019/spring/engineering/computer-science/csci-427
2910, Security Analysis and Portfolio Mgmt,Fin 533,"Impact of economic factors and security markets upon security value;
risk and return in efficient portfolios.",3 Credits,Not Listed,Not Listed,University of Mississippi,Spring 2019,secur,https://catalog.olemiss.edu/2019/spring/business/finance/fin-533
3147, Secured Transactions,Law 571,"Theoretical and practical justifications for the creation of security
interests in personal property.  Emphasis is on Articles 1, 2A, and 9 of
the Uniform Commercial Code and bankruptcy law.",3 Credits,Not Listed,Not Listed,University of Mississippi,Spring 2019,secur,https://catalog.olemiss.edu/2019/spring/law/law-571
3212, Securities Regulation,Law 650,"An examination of federal and state securities laws and how they
regulate securities offerings, issuers, markets, and market
participants.",3 Credits,Not Listed,Not Listed,University of Mississippi,Spring 2019,secur,https://catalog.olemiss.edu/2019/spring/law/law-650
3222, International Security Law and Policy,Law 658,"Legal issues relating to war and armed conflict, separation of
constitutional powers, emergency powers, the security role of the United
Nations and the strengthening of the enforcement of international
humanitarian law; related political, military, and diplomatic
ramifications.",2 - 3 Credits,Not Listed,Not Listed,University of Mississippi,Spring 2019,secur,https://catalog.olemiss.edu/2019/spring/law/law-658
3315, Space Security Law,Law 736,"Space Security Law addresses a wide variety of national and
international legal issues dealing with both the security of the space
environment and national security derived from reliance on space assets,
such as telecommunications satellites, remote sensing satellites and
launch technologies.",3 Credits,Not Listed,Not Listed,University of Mississippi,Spring 2019,secur,https://catalog.olemiss.edu/2019/spring/law/law-736
3601, International Security Law and Policy,Pol 736,"This course explores the complexities of the international law of
conflict management and the legal structure for resolving international
disputes.",3 Credits,Not Listed,Not Listed,University of Mississippi,Spring 2019,secur,https://catalog.olemiss.edu/2019/spring/liberal-arts/political-science/pol-736
3626, Homeland Security Policy,PPL 362,"This course examines all facets of homeland security in the United
States. It includes a review of the historical and contemporary
governmental theories and practices of homeland security at both the
public and private levels. Other topics to be presented include the
threat of terrorism, counterterrorism, governmental policy,
intelligence, and investigative techniques that support this overall
objective.",3 Credits,Not Listed,Not Listed,University of Mississippi,Spring 2019,secur,https://catalog.olemiss.edu/2019/spring/liberal-arts/public-policy-leadership/ppl-362
3732, Studies in Housing Insecurity,Soc 420,"For the majority of low-income American families, housing is their
biggest expense, and often their biggest stressor. Research is clear
that the dynamics of housing exert an enormous influence on one's
health, job stability, educational success, and other matters we deem
important to well-being. Debates about how to provide affordable and
secure housing for all are widespread, and heated. This course examines
these issues firsthand through the collection and analysis of original
data in the Lafayette-Oxford-University community.",3 Credits,Not Listed,Not Listed,University of Mississippi,Spring 2019,secur,https://catalog.olemiss.edu/2019/spring/liberal-arts/sociology-anthropology/soc-420
3792, Securities Regulations,Accy 650,"An examination of federal and state securities laws and how they
regulate securities offerings, issuers, markets, and market
participants.",3 Credits,Not Listed,Not Listed,University of Mississippi,Spring 2020,secur,https://catalog.olemiss.edu/2020/spring/patterson-accountancy/accy-650
3845, Introduction to Homeland Security,CJ 115,"The issues pertaining to the role and mission of the Department of
Homeland Security and related agencies, both domestic and international.",3 Credits,Not Listed,Not Listed,University of Mississippi,Spring 2020,secur,https://catalog.olemiss.edu/2020/spring/applied-sciences/legal-studies/cj-115
3858, Homeland Security Operations,CJ 400,"An examination of government agencies that are involved in war on
terrorism and discussion of weapons of mass destruction issues.
Discussion of various international terrorist groups and their
respoective ideologies.",3 Credits,Not Listed,Not Listed,University of Mississippi,Spring 2020,secur,https://catalog.olemiss.edu/2020/spring/applied-sciences/legal-studies/cj-400
3860, Homeland Security Law,CJ 420,"Examination of current domestic legal issues relating to homeland
security with an emphasis on Constitutional separation of powers and
First, Fifth, Fourth, Sixth, Eighth Amendment requirements, the Foreign
Intelligence Surveillance Act (FISA), and the USA Patriot Act, and
similar laws.",3 Credits,Not Listed,Not Listed,University of Mississippi,Spring 2020,secur,https://catalog.olemiss.edu/2020/spring/applied-sciences/legal-studies/cj-420
3865, Border Security,CJ 470,"This course provides the student with an analysis of the problems that
concern the protection of the borders of the United States.",3 Credits,Not Listed,Not Listed,University of Mississippi,Spring 2020,secur,https://catalog.olemiss.edu/2020/spring/applied-sciences/legal-studies/cj-470
3876, Seminar in Homeland Security,CJ 630,"Examines security theories, research, and practice related to the
administration of security operations. Reviews topics such as risk
assessment, risk prevention, and protection of assets, with particular
emphasis on the role of criminal justice and security systems.",3 Credits,Not Listed,Not Listed,University of Mississippi,Spring 2020,secur,https://catalog.olemiss.edu/2020/spring/applied-sciences/legal-studies/cj-630
3880, Critical Infrastructure Security,CJ 636,"Review of U.S. counterterrorism policies and practices for the security
of U.S. major critical infrastructures, including transportation and
border security.",3 Credits,Not Listed,Not Listed,University of Mississippi,Spring 2020,secur,https://catalog.olemiss.edu/2020/spring/applied-sciences/legal-studies/cj-636
3881, Cybercrime and Cyber Security,CJ 642,"Overview of current issues surrounding the technical, social, and legal
aspects of cybercrime and security from a policy perspective. Includes
review of concepts and issues of cybercrime and cybersecurity, such as
security issues in computer systems, networks, and applications.",3 Credits,Not Listed,Not Listed,University of Mississippi,Spring 2020,secur,https://catalog.olemiss.edu/2020/spring/applied-sciences/legal-studies/cj-642
3889, Intelligence and Homeland Security,CJ 670,"Advanced course on intelligence and counterintelligence aspects
of homeland security as they relate to domestic security,
emergency, preparedness, technology policy, and timely
intelligence for improved policymaking.",3 Credits,Not Listed,Not Listed,University of Mississippi,Spring 2020,secur,https://catalog.olemiss.edu/2020/spring/applied-sciences/legal-studies/cj-670
3905, Fundamentals of Computer Security,Csci 427,"This course explores the concepts and methods of computer security and
the appropriate tools to identify and remedy vulnerabilities across
leading network and systems platforms. It emphasizes both offensive and
defensive analysis tools, including scanners, sniffers, intrusion
detection systems, access control lists, and firewalls. It stresses
adherence to professional guidelines for ethical hacking and security.",3 Credits,Not Listed,Not Listed,University of Mississippi,Spring 2020,secur,https://catalog.olemiss.edu/2020/spring/engineering/computer-science/csci-427
3988, Security Analysis and Portfolio Mgmt,Fin 533,"Impact of economic factors and security markets upon security value;
risk and return in efficient portfolios.",3 Credits,Not Listed,Not Listed,University of Mississippi,Spring 2020,secur,https://catalog.olemiss.edu/2020/spring/business/finance/fin-533
4224, Secured Transactions,Law 571,"Theoretical and practical justifications for the creation of security
interests in personal property.  Emphasis is on Articles 1, 2A, and 9 of
the Uniform Commercial Code and bankruptcy law.",3 Credits,Not Listed,Not Listed,University of Mississippi,Spring 2020,secur,https://catalog.olemiss.edu/2020/spring/law/law-571
4289, Securities Regulation,Law 650,"An examination of federal and state securities laws and how they
regulate securities offerings, issuers, markets, and market
participants.",3 Credits,Not Listed,Not Listed,University of Mississippi,Spring 2020,secur,https://catalog.olemiss.edu/2020/spring/law/law-650
4299, International Security Law and Policy,Law 658,"Legal issues relating to war and armed conflict, separation of
constitutional powers, emergency powers, the security role of the United
Nations and the strengthening of the enforcement of international
humanitarian law; related political, military, and diplomatic
ramifications.",2 - 3 Credits,Not Listed,Not Listed,University of Mississippi,Spring 2020,secur,https://catalog.olemiss.edu/2020/spring/law/law-658
4392, Space Security Law,Law 736,"Space Security Law addresses a wide variety of national and
international legal issues dealing with both the security of the space
environment and national security derived from reliance on space assets,
such as telecommunications satellites, remote sensing satellites and
launch technologies.",3 Credits,Not Listed,Not Listed,University of Mississippi,Spring 2020,secur,https://catalog.olemiss.edu/2020/spring/law/law-736
4677, International Security Law and Policy,Pol 736,"This course explores the complexities of the international law of
conflict management and the legal structure for resolving international
disputes.",3 Credits,Not Listed,Not Listed,University of Mississippi,Spring 2020,secur,https://catalog.olemiss.edu/2020/spring/liberal-arts/political-science/pol-736
4702, Homeland Security Policy,PPL 362,"This course examines all facets of homeland security in the United
States. It includes a review of the historical and contemporary
governmental theories and practices of homeland security at both the
public and private levels. Other topics to be presented include the
threat of terrorism, counterterrorism, governmental policy,
intelligence, and investigative techniques that support this overall
objective.",3 Credits,Not Listed,Not Listed,University of Mississippi,Spring 2020,secur,https://catalog.olemiss.edu/2020/spring/liberal-arts/public-policy-leadership/ppl-362
4806, Studies in Housing Insecurity,Soc 420,"For the majority of low-income American families, housing is their
biggest expense, and often their biggest stressor. Research is clear
that the dynamics of housing exert an enormous influence on one's
health, job stability, educational success, and other matters we deem
important to well-being. Debates about how to provide affordable and
secure housing for all are widespread, and heated. This course examines
these issues firsthand through the collection and analysis of original
data in the Lafayette-Oxford-University community.",3 Credits,Not Listed,Not Listed,University of Mississippi,Spring 2020,secur,https://catalog.olemiss.edu/2020/spring/liberal-arts/sociology-anthropology/soc-420
4929, Securities Regulations,Accy 650,"An examination of federal and state securities laws and how they
regulate securities offerings, issuers, markets, and market
participants.",3 Credits,Not Listed,Not Listed,University of Mississippi,Fall 2020,secur,https://catalog.olemiss.edu/patterson-accountancy/accy-650
4982, Introduction to Homeland Security,CJ 115,"The issues pertaining to the role and mission of the Department of
Homeland Security and related agencies, both domestic and international.",3 Credits,Not Listed,Not Listed,University of Mississippi,Fall 2020,secur,https://catalog.olemiss.edu/applied-sciences/legal-studies/cj-115
4995, Homeland Security Operations,CJ 400,"An examination of government agencies that are involved in war on
terrorism and discussion of weapons of mass destruction issues.
Discussion of various international terrorist groups and their
respoective ideologies.",3 Credits,Not Listed,Not Listed,University of Mississippi,Fall 2020,secur,https://catalog.olemiss.edu/applied-sciences/legal-studies/cj-400
4997, Homeland Security Law,CJ 420,"Examination of current domestic legal issues relating to homeland
security with an emphasis on Constitutional separation of powers and
First, Fifth, Fourth, Sixth, Eighth Amendment requirements, the Foreign
Intelligence Surveillance Act (FISA), and the USA Patriot Act, and
similar laws.",3 Credits,Not Listed,Not Listed,University of Mississippi,Fall 2020,secur,https://catalog.olemiss.edu/applied-sciences/legal-studies/cj-420
5002, Border Security,CJ 470,"This course provides the student with an analysis of the problems that
concern the protection of the borders of the United States.",3 Credits,Not Listed,Not Listed,University of Mississippi,Fall 2020,secur,https://catalog.olemiss.edu/applied-sciences/legal-studies/cj-470
5013, Seminar in Homeland Security,CJ 630,"Examines security theories, research, and practice related to the
administration of security operations. Reviews topics such as risk
assessment, risk prevention, and protection of assets, with particular
emphasis on the role of criminal justice and security systems.",3 Credits,Not Listed,Not Listed,University of Mississippi,Fall 2020,secur,https://catalog.olemiss.edu/applied-sciences/legal-studies/cj-630
5017, Critical Infrastructure Security,CJ 636,"Review of U.S. counterterrorism policies and practices for the security
of U.S. major critical infrastructures, including transportation and
border security.",3 Credits,Not Listed,Not Listed,University of Mississippi,Fall 2020,secur,https://catalog.olemiss.edu/applied-sciences/legal-studies/cj-636
5018, Cybercrime and Cyber Security,CJ 642,"Overview of current issues surrounding the technical, social, and legal
aspects of cybercrime and security from a policy perspective. Includes
review of concepts and issues of cybercrime and cybersecurity, such as
security issues in computer systems, networks, and applications.",3 Credits,Not Listed,Not Listed,University of Mississippi,Fall 2020,secur,https://catalog.olemiss.edu/applied-sciences/legal-studies/cj-642
5026, Intelligence and Homeland Security,CJ 670,"Advanced course on intelligence and counterintelligence aspects
of homeland security as they relate to domestic security,
emergency, preparedness, technology policy, and timely
intelligence for improved policymaking.",3 Credits,Not Listed,Not Listed,University of Mississippi,Fall 2020,secur,https://catalog.olemiss.edu/applied-sciences/legal-studies/cj-670
5042, Fundamentals of Computer Security,Csci 427,"This course explores the concepts and methods of computer security and
the appropriate tools to identify and remedy vulnerabilities across
leading network and systems platforms. It emphasizes both offensive and
defensive analysis tools, including scanners, sniffers, intrusion
detection systems, access control lists, and firewalls. It stresses
adherence to professional guidelines for ethical hacking and security.",3 Credits,Not Listed,Not Listed,University of Mississippi,Fall 2020,secur,https://catalog.olemiss.edu/engineering/computer-science/csci-427
5125, Security Analysis and Portfolio Mgmt,Fin 533,"Impact of economic factors and security markets upon security value;
risk and return in efficient portfolios.",3 Credits,Not Listed,Not Listed,University of Mississippi,Fall 2020,secur,https://catalog.olemiss.edu/business/finance/fin-533
5361, Secured Transactions,Law 571,"Theoretical and practical justifications for the creation of security
interests in personal property.  Emphasis is on Articles 1, 2A, and 9 of
the Uniform Commercial Code and bankruptcy law.",3 Credits,Not Listed,Not Listed,University of Mississippi,Fall 2020,secur,https://catalog.olemiss.edu/law/law-571
5426, Securities Regulation,Law 650,"An examination of federal and state securities laws and how they
regulate securities offerings, issuers, markets, and market
participants.",3 Credits,Not Listed,Not Listed,University of Mississippi,Fall 2020,secur,https://catalog.olemiss.edu/law/law-650
5436, International Security Law and Policy,Law 658,"Legal issues relating to war and armed conflict, separation of
constitutional powers, emergency powers, the security role of the United
Nations and the strengthening of the enforcement of international
humanitarian law; related political, military, and diplomatic
ramifications.",2 - 3 Credits,Not Listed,Not Listed,University of Mississippi,Fall 2020,secur,https://catalog.olemiss.edu/law/law-658
5529, Space Security Law,Law 736,"Space Security Law addresses a wide variety of national and
international legal issues dealing with both the security of the space
environment and national security derived from reliance on space assets,
such as telecommunications satellites, remote sensing satellites and
launch technologies.",3 Credits,Not Listed,Not Listed,University of Mississippi,Fall 2020,secur,https://catalog.olemiss.edu/law/law-736
5814, International Security Law and Policy,Pol 736,"This course explores the complexities of the international law of
conflict management and the legal structure for resolving international
disputes.",3 Credits,Not Listed,Not Listed,University of Mississippi,Fall 2020,secur,https://catalog.olemiss.edu/liberal-arts/political-science/pol-736
5839, Homeland Security Policy,PPL 362,"This course examines all facets of homeland security in the United
States. It includes a review of the historical and contemporary
governmental theories and practices of homeland security at both the
public and private levels. Other topics to be presented include the
threat of terrorism, counterterrorism, governmental policy,
intelligence, and investigative techniques that support this overall
objective.",3 Credits,Not Listed,Not Listed,University of Mississippi,Fall 2020,secur,https://catalog.olemiss.edu/liberal-arts/public-policy-leadership/ppl-362
5943, Studies in Housing Insecurity,Soc 420,"For the majority of low-income American families, housing is their
biggest expense, and often their biggest stressor. Research is clear
that the dynamics of housing exert an enormous influence on one's
health, job stability, educational success, and other matters we deem
important to well-being. Debates about how to provide affordable and
secure housing for all are widespread, and heated. This course examines
these issues firsthand through the collection and analysis of original
data in the Lafayette-Oxford-University community.",3 Credits,Not Listed,Not Listed,University of Mississippi,Fall 2020,secur,https://catalog.olemiss.edu/liberal-arts/sociology-anthropology/soc-420
6080, Securities Regulations,Accy 650,"An examination of federal and state securities laws and how they
regulate securities offerings, issuers, markets, and market
participants.",3 Credits,Not Listed,Not Listed,University of Mississippi,Spring 2020,secur,https://catalog.olemiss.edu/2020/spring/patterson-accountancy/accy-650
6133, Introduction to Homeland Security,CJ 115,"The issues pertaining to the role and mission of the Department of
Homeland Security and related agencies, both domestic and international.",3 Credits,Not Listed,Not Listed,University of Mississippi,Spring 2020,secur,https://catalog.olemiss.edu/2020/spring/applied-sciences/legal-studies/cj-115
6146, Homeland Security Operations,CJ 400,"An examination of government agencies that are involved in war on
terrorism and discussion of weapons of mass destruction issues.
Discussion of various international terrorist groups and their
respoective ideologies.",3 Credits,Not Listed,Not Listed,University of Mississippi,Spring 2020,secur,https://catalog.olemiss.edu/2020/spring/applied-sciences/legal-studies/cj-400
6148, Homeland Security Law,CJ 420,"Examination of current domestic legal issues relating to homeland
security with an emphasis on Constitutional separation of powers and
First, Fifth, Fourth, Sixth, Eighth Amendment requirements, the Foreign
Intelligence Surveillance Act (FISA), and the USA Patriot Act, and
similar laws.",3 Credits,Not Listed,Not Listed,University of Mississippi,Spring 2020,secur,https://catalog.olemiss.edu/2020/spring/applied-sciences/legal-studies/cj-420
6153, Border Security,CJ 470,"This course provides the student with an analysis of the problems that
concern the protection of the borders of the United States.",3 Credits,Not Listed,Not Listed,University of Mississippi,Spring 2020,secur,https://catalog.olemiss.edu/2020/spring/applied-sciences/legal-studies/cj-470
6164, Seminar in Homeland Security,CJ 630,"Examines security theories, research, and practice related to the
administration of security operations. Reviews topics such as risk
assessment, risk prevention, and protection of assets, with particular
emphasis on the role of criminal justice and security systems.",3 Credits,Not Listed,Not Listed,University of Mississippi,Spring 2020,secur,https://catalog.olemiss.edu/2020/spring/applied-sciences/legal-studies/cj-630
6168, Critical Infrastructure Security,CJ 636,"Review of U.S. counterterrorism policies and practices for the security
of U.S. major critical infrastructures, including transportation and
border security.",3 Credits,Not Listed,Not Listed,University of Mississippi,Spring 2020,secur,https://catalog.olemiss.edu/2020/spring/applied-sciences/legal-studies/cj-636
6169, Cybercrime and Cyber Security,CJ 642,"Overview of current issues surrounding the technical, social, and legal
aspects of cybercrime and security from a policy perspective. Includes
review of concepts and issues of cybercrime and cybersecurity, such as
security issues in computer systems, networks, and applications.",3 Credits,Not Listed,Not Listed,University of Mississippi,Spring 2020,secur,https://catalog.olemiss.edu/2020/spring/applied-sciences/legal-studies/cj-642
6177, Intelligence and Homeland Security,CJ 670,"Advanced course on intelligence and counterintelligence aspects
of homeland security as they relate to domestic security,
emergency, preparedness, technology policy, and timely
intelligence for improved policymaking.",3 Credits,Not Listed,Not Listed,University of Mississippi,Spring 2020,secur,https://catalog.olemiss.edu/2020/spring/applied-sciences/legal-studies/cj-670
6193, Fundamentals of Computer Security,Csci 427,"This course explores the concepts and methods of computer security and
the appropriate tools to identify and remedy vulnerabilities across
leading network and systems platforms. It emphasizes both offensive and
defensive analysis tools, including scanners, sniffers, intrusion
detection systems, access control lists, and firewalls. It stresses
adherence to professional guidelines for ethical hacking and security.",3 Credits,Not Listed,Not Listed,University of Mississippi,Spring 2020,secur,https://catalog.olemiss.edu/2020/spring/engineering/computer-science/csci-427
6276, Security Analysis and Portfolio Mgmt,Fin 533,"Impact of economic factors and security markets upon security value;
risk and return in efficient portfolios.",3 Credits,Not Listed,Not Listed,University of Mississippi,Spring 2020,secur,https://catalog.olemiss.edu/2020/spring/business/finance/fin-533
6512, Secured Transactions,Law 571,"Theoretical and practical justifications for the creation of security
interests in personal property.  Emphasis is on Articles 1, 2A, and 9 of
the Uniform Commercial Code and bankruptcy law.",3 Credits,Not Listed,Not Listed,University of Mississippi,Spring 2020,secur,https://catalog.olemiss.edu/2020/spring/law/law-571
6577, Securities Regulation,Law 650,"An examination of federal and state securities laws and how they
regulate securities offerings, issuers, markets, and market
participants.",3 Credits,Not Listed,Not Listed,University of Mississippi,Spring 2020,secur,https://catalog.olemiss.edu/2020/spring/law/law-650
6587, International Security Law and Policy,Law 658,"Legal issues relating to war and armed conflict, separation of
constitutional powers, emergency powers, the security role of the United
Nations and the strengthening of the enforcement of international
humanitarian law; related political, military, and diplomatic
ramifications.",2 - 3 Credits,Not Listed,Not Listed,University of Mississippi,Spring 2020,secur,https://catalog.olemiss.edu/2020/spring/law/law-658
6680, Space Security Law,Law 736,"Space Security Law addresses a wide variety of national and
international legal issues dealing with both the security of the space
environment and national security derived from reliance on space assets,
such as telecommunications satellites, remote sensing satellites and
launch technologies.",3 Credits,Not Listed,Not Listed,University of Mississippi,Spring 2020,secur,https://catalog.olemiss.edu/2020/spring/law/law-736
6965, International Security Law and Policy,Pol 736,"This course explores the complexities of the international law of
conflict management and the legal structure for resolving international
disputes.",3 Credits,Not Listed,Not Listed,University of Mississippi,Spring 2020,secur,https://catalog.olemiss.edu/2020/spring/liberal-arts/political-science/pol-736
6990, Homeland Security Policy,PPL 362,"This course examines all facets of homeland security in the United
States. It includes a review of the historical and contemporary
governmental theories and practices of homeland security at both the
public and private levels. Other topics to be presented include the
threat of terrorism, counterterrorism, governmental policy,
intelligence, and investigative techniques that support this overall
objective.",3 Credits,Not Listed,Not Listed,University of Mississippi,Spring 2020,secur,https://catalog.olemiss.edu/2020/spring/liberal-arts/public-policy-leadership/ppl-362
7094, Studies in Housing Insecurity,Soc 420,"For the majority of low-income American families, housing is their
biggest expense, and often their biggest stressor. Research is clear
that the dynamics of housing exert an enormous influence on one's
health, job stability, educational success, and other matters we deem
important to well-being. Debates about how to provide affordable and
secure housing for all are widespread, and heated. This course examines
these issues firsthand through the collection and analysis of original
data in the Lafayette-Oxford-University community.",3 Credits,Not Listed,Not Listed,University of Mississippi,Spring 2020,secur,https://catalog.olemiss.edu/2020/spring/liberal-arts/sociology-anthropology/soc-420
7217, Securities Regulations,Accy 650,"An examination of federal and state securities laws and how they
regulate securities offerings, issuers, markets, and market
participants.",3 Credits,Not Listed,Not Listed,University of Mississippi,Fall 2020,secur,https://catalog.olemiss.edu/patterson-accountancy/accy-650
7270, Introduction to Homeland Security,CJ 115,"The issues pertaining to the role and mission of the Department of
Homeland Security and related agencies, both domestic and international.",3 Credits,Not Listed,Not Listed,University of Mississippi,Fall 2020,secur,https://catalog.olemiss.edu/applied-sciences/legal-studies/cj-115
7283, Homeland Security Operations,CJ 400,"An examination of government agencies that are involved in war on
terrorism and discussion of weapons of mass destruction issues.
Discussion of various international terrorist groups and their
respoective ideologies.",3 Credits,Not Listed,Not Listed,University of Mississippi,Fall 2020,secur,https://catalog.olemiss.edu/applied-sciences/legal-studies/cj-400
7285, Homeland Security Law,CJ 420,"Examination of current domestic legal issues relating to homeland
security with an emphasis on Constitutional separation of powers and
First, Fifth, Fourth, Sixth, Eighth Amendment requirements, the Foreign
Intelligence Surveillance Act (FISA), and the USA Patriot Act, and
similar laws.",3 Credits,Not Listed,Not Listed,University of Mississippi,Fall 2020,secur,https://catalog.olemiss.edu/applied-sciences/legal-studies/cj-420
7290, Border Security,CJ 470,"This course provides the student with an analysis of the problems that
concern the protection of the borders of the United States.",3 Credits,Not Listed,Not Listed,University of Mississippi,Fall 2020,secur,https://catalog.olemiss.edu/applied-sciences/legal-studies/cj-470
7301, Seminar in Homeland Security,CJ 630,"Examines security theories, research, and practice related to the
administration of security operations. Reviews topics such as risk
assessment, risk prevention, and protection of assets, with particular
emphasis on the role of criminal justice and security systems.",3 Credits,Not Listed,Not Listed,University of Mississippi,Fall 2020,secur,https://catalog.olemiss.edu/applied-sciences/legal-studies/cj-630
7305, Critical Infrastructure Security,CJ 636,"Review of U.S. counterterrorism policies and practices for the security
of U.S. major critical infrastructures, including transportation and
border security.",3 Credits,Not Listed,Not Listed,University of Mississippi,Fall 2020,secur,https://catalog.olemiss.edu/applied-sciences/legal-studies/cj-636
7306, Cybercrime and Cyber Security,CJ 642,"Overview of current issues surrounding the technical, social, and legal
aspects of cybercrime and security from a policy perspective. Includes
review of concepts and issues of cybercrime and cybersecurity, such as
security issues in computer systems, networks, and applications.",3 Credits,Not Listed,Not Listed,University of Mississippi,Fall 2020,secur,https://catalog.olemiss.edu/applied-sciences/legal-studies/cj-642
7314, Intelligence and Homeland Security,CJ 670,"Advanced course on intelligence and counterintelligence aspects
of homeland security as they relate to domestic security,
emergency, preparedness, technology policy, and timely
intelligence for improved policymaking.",3 Credits,Not Listed,Not Listed,University of Mississippi,Fall 2020,secur,https://catalog.olemiss.edu/applied-sciences/legal-studies/cj-670
7330, Fundamentals of Computer Security,Csci 427,"This course explores the concepts and methods of computer security and
the appropriate tools to identify and remedy vulnerabilities across
leading network and systems platforms. It emphasizes both offensive and
defensive analysis tools, including scanners, sniffers, intrusion
detection systems, access control lists, and firewalls. It stresses
adherence to professional guidelines for ethical hacking and security.",3 Credits,Not Listed,Not Listed,University of Mississippi,Fall 2020,secur,https://catalog.olemiss.edu/engineering/computer-science/csci-427
7413, Security Analysis and Portfolio Mgmt,Fin 533,"Impact of economic factors and security markets upon security value;
risk and return in efficient portfolios.",3 Credits,Not Listed,Not Listed,University of Mississippi,Fall 2020,secur,https://catalog.olemiss.edu/business/finance/fin-533
7649, Secured Transactions,Law 571,"Theoretical and practical justifications for the creation of security
interests in personal property.  Emphasis is on Articles 1, 2A, and 9 of
the Uniform Commercial Code and bankruptcy law.",3 Credits,Not Listed,Not Listed,University of Mississippi,Fall 2020,secur,https://catalog.olemiss.edu/law/law-571
7714, Securities Regulation,Law 650,"An examination of federal and state securities laws and how they
regulate securities offerings, issuers, markets, and market
participants.",3 Credits,Not Listed,Not Listed,University of Mississippi,Fall 2020,secur,https://catalog.olemiss.edu/law/law-650
7724, International Security Law and Policy,Law 658,"Legal issues relating to war and armed conflict, separation of
constitutional powers, emergency powers, the security role of the United
Nations and the strengthening of the enforcement of international
humanitarian law; related political, military, and diplomatic
ramifications.",2 - 3 Credits,Not Listed,Not Listed,University of Mississippi,Fall 2020,secur,https://catalog.olemiss.edu/law/law-658
7817, Space Security Law,Law 736,"Space Security Law addresses a wide variety of national and
international legal issues dealing with both the security of the space
environment and national security derived from reliance on space assets,
such as telecommunications satellites, remote sensing satellites and
launch technologies.",3 Credits,Not Listed,Not Listed,University of Mississippi,Fall 2020,secur,https://catalog.olemiss.edu/law/law-736
8102, International Security Law and Policy,Pol 736,"This course explores the complexities of the international law of
conflict management and the legal structure for resolving international
disputes.",3 Credits,Not Listed,Not Listed,University of Mississippi,Fall 2020,secur,https://catalog.olemiss.edu/liberal-arts/political-science/pol-736
8127, Homeland Security Policy,PPL 362,"This course examines all facets of homeland security in the United
States. It includes a review of the historical and contemporary
governmental theories and practices of homeland security at both the
public and private levels. Other topics to be presented include the
threat of terrorism, counterterrorism, governmental policy,
intelligence, and investigative techniques that support this overall
objective.",3 Credits,Not Listed,Not Listed,University of Mississippi,Fall 2020,secur,https://catalog.olemiss.edu/liberal-arts/public-policy-leadership/ppl-362
8231, Studies in Housing Insecurity,Soc 420,"For the majority of low-income American families, housing is their
biggest expense, and often their biggest stressor. Research is clear
that the dynamics of housing exert an enormous influence on one's
health, job stability, educational success, and other matters we deem
important to well-being. Debates about how to provide affordable and
secure housing for all are widespread, and heated. This course examines
these issues firsthand through the collection and analysis of original
data in the Lafayette-Oxford-University community.",3 Credits,Not Listed,Not Listed,University of Mississippi,Fall 2020,secur,https://catalog.olemiss.edu/liberal-arts/sociology-anthropology/soc-420
8354, Securities Regulations,Accy 650,"An examination of federal and state securities laws and how they
regulate securities offerings, issuers, markets, and market
participants.",3 Credits,Not Listed,Not Listed,University of Mississippi,Spring 2019,secur,https://catalog.olemiss.edu/2019/spring/patterson-accountancy/accy-650
8407, Introduction to Homeland Security,CJ 115,"The issues pertaining to the role and mission of the Department of
Homeland Security and related agencies, both domestic and international.",3 Credits,Not Listed,Not Listed,University of Mississippi,Spring 2019,secur,https://catalog.olemiss.edu/2019/spring/applied-sciences/legal-studies/cj-115
8420, Homeland Security Operations,CJ 400,"An examination of government agencies that are involved in war on
terrorism and discussion of weapons of mass destruction issues.
Discussion of various international terrorist groups and their
respoective ideologies.",3 Credits,Not Listed,Not Listed,University of Mississippi,Spring 2019,secur,https://catalog.olemiss.edu/2019/spring/applied-sciences/legal-studies/cj-400
8422, Homeland Security Law,CJ 420,"Examination of current domestic legal issues relating to homeland
security with an emphasis on Constitutional separation of powers and
First, Fifth, Fourth, Sixth, Eighth Amendment requirements, the Foreign
Intelligence Surveillance Act (FISA), and the USA Patriot Act, and
similar laws.",3 Credits,Not Listed,Not Listed,University of Mississippi,Spring 2019,secur,https://catalog.olemiss.edu/2019/spring/applied-sciences/legal-studies/cj-420
8427, Border Security,CJ 470,"This course provides the student with an analysis of the problems that
concern the protection of the borders of the United States.",3 Credits,Not Listed,Not Listed,University of Mississippi,Spring 2019,secur,https://catalog.olemiss.edu/2019/spring/applied-sciences/legal-studies/cj-470
8432, Homeland Security Operations,CJ 610,"An examination of issues pertaining to the role and mission
of the Department of Homeland Security and related agencies,
both domestically and internationally.",3 Credits,Not Listed,Not Listed,University of Mississippi,Spring 2019,secur,https://catalog.olemiss.edu/2019/spring/applied-sciences/legal-studies/cj-610
8442, Cybercrime and Cyber Security,CJ 642,"Overview of current issues surrounding the technical, social, and legal
aspects of cybercrime and security from a policy perspective. Includes
review of concepts and issues of cybercrime and cybersecurity, such as
security issues in computer systems, networks, and applications.",3 Credits,Not Listed,Not Listed,University of Mississippi,Spring 2019,secur,https://catalog.olemiss.edu/2019/spring/applied-sciences/legal-studies/cj-642
8443, Terrorism and Homeland Security,CJ 650,"An examination of facts of terrorism, methods of terrorism, goals
of terrorism from a homeland security/terrorism deterrence approach.",3 Credits,Not Listed,Not Listed,University of Mississippi,Spring 2019,secur,https://catalog.olemiss.edu/2019/spring/applied-sciences/legal-studies/cj-650
8448, Transportation and Border Security,CJ 665,"This course provides students with analysis concerning the
protection of U.S. borders and policies regarding safety of the
U.S. transportation system.  The course analyzes the changes in
security arrangements from the pre- to post- 9/11 policies, relative
to border and transportation security.  The course will examine the
Maritime Transportation Security Act as it pertains to homeland
security.  Drugs and immigration with regard to homeland security will
also be addressed.",3 Credits,Not Listed,Not Listed,University of Mississippi,Spring 2019,secur,https://catalog.olemiss.edu/2019/spring/applied-sciences/legal-studies/cj-665
8449, Intelligence and Homeland Security,CJ 670,"Advanced course on intelligence and counterintelligence aspects
of homeland security as they relate to domestic security,
emergency, preparedness, technology policy, and timely
intelligence for improved policymaking.",3 Credits,Not Listed,Not Listed,University of Mississippi,Spring 2019,secur,https://catalog.olemiss.edu/2019/spring/applied-sciences/legal-studies/cj-670
8466, Fundamentals of Computer Security,Csci 427,"This course explores the concepts and methods of computer security and
the appropriate tools to identify and remedy vulnerabilities across
leading network and systems platforms. It emphasizes both offensive and
defensive analysis tools, including scanners, sniffers, intrusion
detection systems, access control lists, and firewalls. It stresses
adherence to professional guidelines for ethical hacking and security.",3 Credits,Not Listed,Not Listed,University of Mississippi,Spring 2019,secur,https://catalog.olemiss.edu/2019/spring/engineering/computer-science/csci-427
8549, Security Analysis and Portfolio Mgmt,Fin 533,"Impact of economic factors and security markets upon security value;
risk and return in efficient portfolios.",3 Credits,Not Listed,Not Listed,University of Mississippi,Spring 2019,secur,https://catalog.olemiss.edu/2019/spring/business/finance/fin-533
8786, Secured Transactions,Law 571,"Theoretical and practical justifications for the creation of security
interests in personal property.  Emphasis is on Articles 1, 2A, and 9 of
the Uniform Commercial Code and bankruptcy law.",3 Credits,Not Listed,Not Listed,University of Mississippi,Spring 2019,secur,https://catalog.olemiss.edu/2019/spring/law/law-571
8851, Securities Regulation,Law 650,"An examination of federal and state securities laws and how they
regulate securities offerings, issuers, markets, and market
participants.",3 Credits,Not Listed,Not Listed,University of Mississippi,Spring 2019,secur,https://catalog.olemiss.edu/2019/spring/law/law-650
8861, International Security Law and Policy,Law 658,"Legal issues relating to war and armed conflict, separation of
constitutional powers, emergency powers, the security role of the United
Nations and the strengthening of the enforcement of international
humanitarian law; related political, military, and diplomatic
ramifications.",2 - 3 Credits,Not Listed,Not Listed,University of Mississippi,Spring 2019,secur,https://catalog.olemiss.edu/2019/spring/law/law-658
8954, Space Security Law,Law 736,"Space Security Law addresses a wide variety of national and
international legal issues dealing with both the security of the space
environment and national security derived from reliance on space assets,
such as telecommunications satellites, remote sensing satellites and
launch technologies.",3 Credits,Not Listed,Not Listed,University of Mississippi,Spring 2019,secur,https://catalog.olemiss.edu/2019/spring/law/law-736
9240, International Security Law and Policy,Pol 736,"This course explores the complexities of the international law of
conflict management and the legal structure for resolving international
disputes.",3 Credits,Not Listed,Not Listed,University of Mississippi,Spring 2019,secur,https://catalog.olemiss.edu/2019/spring/liberal-arts/political-science/pol-736
9265, Homeland Security Policy,PPL 362,"This course examines all facets of homeland security in the United
States. It includes a review of the historical and contemporary
governmental theories and practices of homeland security at both the
public and private levels. Other topics to be presented include the
threat of terrorism, counterterrorism, governmental policy,
intelligence, and investigative techniques that support this overall
objective.",3 Credits,Not Listed,Not Listed,University of Mississippi,Spring 2019,secur,https://catalog.olemiss.edu/2019/spring/liberal-arts/public-policy-leadership/ppl-362
9371, Studies in Housing Insecurity,Soc 420,"For the majority of low-income American families, housing is their
biggest expense, and often their biggest stressor. Research is clear
that the dynamics of housing exert an enormous influence on one's
health, job stability, educational success, and other matters we deem
important to well-being. Debates about how to provide affordable and
secure housing for all are widespread, and heated. This course examines
these issues firsthand through the collection and analysis of original
data in the Lafayette-Oxford-University community.",3 Credits,Not Listed,Not Listed,University of Mississippi,Spring 2019,secur,https://catalog.olemiss.edu/2019/spring/liberal-arts/sociology-anthropology/soc-420
9494, Securities Regulations,Accy 650,"An examination of federal and state securities laws and how they
regulate securities offerings, issuers, markets, and market
participants.",3 Credits,Not Listed,Not Listed,University of Mississippi,Fall 2019,secur,https://catalog.olemiss.edu/2019/fall/patterson-accountancy/accy-650
9543, Introduction to Homeland Security,CJ 115,"The issues pertaining to the role and mission of the Department of
Homeland Security and related agencies, both domestic and international.",3 Credits,Not Listed,Not Listed,University of Mississippi,Fall 2019,secur,https://catalog.olemiss.edu/2019/fall/applied-sciences/legal-studies/cj-115
9556, Homeland Security Operations,CJ 400,"An examination of government agencies that are involved in war on
terrorism and discussion of weapons of mass destruction issues.
Discussion of various international terrorist groups and their
respoective ideologies.",3 Credits,Not Listed,Not Listed,University of Mississippi,Fall 2019,secur,https://catalog.olemiss.edu/2019/fall/applied-sciences/legal-studies/cj-400
9558, Homeland Security Law,CJ 420,"Examination of current domestic legal issues relating to homeland
security with an emphasis on Constitutional separation of powers and
First, Fifth, Fourth, Sixth, Eighth Amendment requirements, the Foreign
Intelligence Surveillance Act (FISA), and the USA Patriot Act, and
similar laws.",3 Credits,Not Listed,Not Listed,University of Mississippi,Fall 2019,secur,https://catalog.olemiss.edu/2019/fall/applied-sciences/legal-studies/cj-420
9563, Border Security,CJ 470,"This course provides the student with an analysis of the problems that
concern the protection of the borders of the United States.",3 Credits,Not Listed,Not Listed,University of Mississippi,Fall 2019,secur,https://catalog.olemiss.edu/2019/fall/applied-sciences/legal-studies/cj-470
9568, Homeland Security Operations,CJ 610,"An examination of issues pertaining to the role and mission
of the Department of Homeland Security and related agencies,
both domestically and internationally.",3 Credits,Not Listed,Not Listed,University of Mississippi,Fall 2019,secur,https://catalog.olemiss.edu/2019/fall/applied-sciences/legal-studies/cj-610
9578, Cybercrime and Cyber Security,CJ 642,"Overview of current issues surrounding the technical, social, and legal
aspects of cybercrime and security from a policy perspective. Includes
review of concepts and issues of cybercrime and cybersecurity, such as
security issues in computer systems, networks, and applications.",3 Credits,Not Listed,Not Listed,University of Mississippi,Fall 2019,secur,https://catalog.olemiss.edu/2019/fall/applied-sciences/legal-studies/cj-642
9579, Terrorism and Homeland Security,CJ 650,"An examination of facts of terrorism, methods of terrorism, goals
of terrorism from a homeland security/terrorism deterrence approach.",3 Credits,Not Listed,Not Listed,University of Mississippi,Fall 2019,secur,https://catalog.olemiss.edu/2019/fall/applied-sciences/legal-studies/cj-650
9584, Transportation and Border Security,CJ 665,"This course provides students with analysis concerning the
protection of U.S. borders and policies regarding safety of the
U.S. transportation system.  The course analyzes the changes in
security arrangements from the pre- to post- 9/11 policies, relative
to border and transportation security.  The course will examine the
Maritime Transportation Security Act as it pertains to homeland
security.  Drugs and immigration with regard to homeland security will
also be addressed.",3 Credits,Not Listed,Not Listed,University of Mississippi,Fall 2019,secur,https://catalog.olemiss.edu/2019/fall/applied-sciences/legal-studies/cj-665
9585, Intelligence and Homeland Security,CJ 670,"Advanced course on intelligence and counterintelligence aspects
of homeland security as they relate to domestic security,
emergency, preparedness, technology policy, and timely
intelligence for improved policymaking.",3 Credits,Not Listed,Not Listed,University of Mississippi,Fall 2019,secur,https://catalog.olemiss.edu/2019/fall/applied-sciences/legal-studies/cj-670
9602, Fundamentals of Computer Security,Csci 427,"This course explores the concepts and methods of computer security and
the appropriate tools to identify and remedy vulnerabilities across
leading network and systems platforms. It emphasizes both offensive and
defensive analysis tools, including scanners, sniffers, intrusion
detection systems, access control lists, and firewalls. It stresses
adherence to professional guidelines for ethical hacking and security.",3 Credits,Not Listed,Not Listed,University of Mississippi,Fall 2019,secur,https://catalog.olemiss.edu/2019/fall/engineering/computer-science/csci-427
9684, Security Analysis and Portfolio Mgmt,Fin 533,"Impact of economic factors and security markets upon security value;
risk and return in efficient portfolios.",3 Credits,Not Listed,Not Listed,University of Mississippi,Fall 2019,secur,https://catalog.olemiss.edu/2019/fall/business/finance/fin-533
9860, Nat'l Security Issues of 21st Century,ISS 480,"Introduction to security threats and how they might evolve in the
future.  Examination of historical, sociological, cultural,
technological and scientific principles underpinning threats
and challenges to U.S. security.",3 Credits,Not Listed,Not Listed,University of Mississippi,Fall 2019,secur,https://catalog.olemiss.edu/2019/fall/center-for-intel-security-studies/iss-480
9861, Internship in Intelligence & Security St,ISS 490,"Internship to facilitate the integration of curriculm content
through supervised experiences with an approved intelligence
community, other government, or private sector agency.",3 - 9 Credits,Not Listed,Not Listed,University of Mississippi,Fall 2019,secur,https://catalog.olemiss.edu/2019/fall/center-for-intel-security-studies/iss-490
9862, Intelligence & Security Studies-Capstone,ISS 499,"Project of original, supervised research in an area of interest
to the intelligence community.",3 Credits,Not Listed,Not Listed,University of Mississippi,Fall 2019,secur,https://catalog.olemiss.edu/2019/fall/center-for-intel-security-studies/iss-499
9924, Secured Transactions,Law 571,"Theoretical and practical justifications for the creation of security
interests in personal property.  Emphasis is on Articles 1, 2A, and 9 of
the Uniform Commercial Code and bankruptcy law.",3 Credits,Not Listed,Not Listed,University of Mississippi,Fall 2019,secur,https://catalog.olemiss.edu/2019/fall/law/law-571
9989, Securities Regulation,Law 650,"An examination of federal and state securities laws and how they
regulate securities offerings, issuers, markets, and market
participants.",3 Credits,Not Listed,Not Listed,University of Mississippi,Fall 2019,secur,https://catalog.olemiss.edu/2019/fall/law/law-650
9999, International Security Law and Policy,Law 658,"Legal issues relating to war and armed conflict, separation of
constitutional powers, emergency powers, the security role of the United
Nations and the strengthening of the enforcement of international
humanitarian law; related political, military, and diplomatic
ramifications.",2 - 3 Credits,Not Listed,Not Listed,University of Mississippi,Fall 2019,secur,https://catalog.olemiss.edu/2019/fall/law/law-658
10092, Space Security Law,Law 736,"Space Security Law addresses a wide variety of national and
international legal issues dealing with both the security of the space
environment and national security derived from reliance on space assets,
such as telecommunications satellites, remote sensing satellites and
launch technologies.",3 Credits,Not Listed,Not Listed,University of Mississippi,Fall 2019,secur,https://catalog.olemiss.edu/2019/fall/law/law-736
10372, International Security Law and Policy,Pol 736,"This course explores the complexities of the international law of
conflict management and the legal structure for resolving international
disputes.",3 Credits,Not Listed,Not Listed,University of Mississippi,Fall 2019,secur,https://catalog.olemiss.edu/2019/fall/liberal-arts/political-science/pol-736
10397, Homeland Security Policy,PPL 362,"This course examines all facets of homeland security in the United
States. It includes a review of the historical and contemporary
governmental theories and practices of homeland security at both the
public and private levels. Other topics to be presented include the
threat of terrorism, counterterrorism, governmental policy,
intelligence, and investigative techniques that support this overall
objective.",3 Credits,Not Listed,Not Listed,University of Mississippi,Fall 2019,secur,https://catalog.olemiss.edu/2019/fall/liberal-arts/public-policy-leadership/ppl-362
10503, Studies in Housing Insecurity,Soc 420,"For the majority of low-income American families, housing is their
biggest expense, and often their biggest stressor. Research is clear
that the dynamics of housing exert an enormous influence on one's
health, job stability, educational success, and other matters we deem
important to well-being. Debates about how to provide affordable and
secure housing for all are widespread, and heated. This course examines
these issues firsthand through the collection and analysis of original
data in the Lafayette-Oxford-University community.",3 Credits,Not Listed,Not Listed,University of Mississippi,Fall 2019,secur,https://catalog.olemiss.edu/2019/fall/liberal-arts/sociology-anthropology/soc-420
